Feature_1,Feature_2,Label
0.14901424590336979,-0.0414792903513554,0.0
0.19430656143020775,0.45690895692240757,0.0
-0.07024601241700079,-0.07024108708475416,0.0
0.47376384465221744,0.23023041874587263,0.0
-0.14084231578048562,0.1627680130757894,0.0
-0.13902530784373868,-0.13971892607107705,0.0
0.07258868146981023,-0.5739840733973394,0.0
-0.5174753497539099,-0.1686862587722918,0.0
-0.3038493361003271,0.09427419977858216,0.0
-0.27240722265636325,-0.42369111040058743,0.0
0.4396946306764662,-0.06773289014596069,0.0
0.02025846140637715,-0.42742445586403705,0.0
-0.1633148173575548,0.03327677691295983,0.0
-0.3452980732266908,0.11270940550370158,0.0
-0.1801916069756415,-0.08750812493798303,0.0
-0.18051198366881907,0.5556834553526813,0.0
-0.004049167421380176,-0.3173132786867701,0.0
0.2467634736309567,-0.36625309499130665,0.0
0.06265907850142662,-0.5879010371639326,0.0
-0.3984558146695291,0.059058370760737056,0.0
0.22153997399862313,0.051410484356991144,0.0
-0.03469448471647216,-0.09033110867678663,0.0
-0.4435565971102282,-0.2159532625184126,0.0
-0.13819163128793624,0.3171366678656747,0.0
0.10308548687053842,-0.5289120466088202,0.0
0.0972251908184385,-0.11552468412489496,0.0
-0.2030766000917876,0.18350288665226036,0.0
0.3092998567487853,0.27938403573485954,0.0
-0.25176525696679153,-0.09276371275536437,0.0
0.09937902942106919,0.29266353813670776,0.0
-0.14375227135358698,-0.055697692999145135,0.0
-0.33190049220180845,-0.3588619872242012,0.0
0.2437577467182594,0.4068720085712469,0.0
-0.021603036474100154,0.30105986936760726,0.0
0.10849080751429024,-0.19353592638153727,0.0
0.10841868165252418,0.46141096993979075,0.0
-0.010747811732985462,0.4693930967442018,0.0
-0.7859235312269233,0.24657075131256714,0.0
0.026114120471451365,-0.08970220513976024,0.0
0.027528232960650687,-0.5962706743802678,0.0
-0.06590156635125358,0.10713377145352392,0.0
0.4433682134224548,-0.1554810654820942,0.0
-0.24254808086795626,-0.15052711307536096,0.0
0.27462063531062225,0.09862533289790533,0.0
-0.15892806113011163,0.1539802299340068,0.0
0.029123264804412116,0.29059349715986676,0.0
-0.2106159281632057,-0.09829864397933046,0.0
-0.11763244593964728,-0.4390544844396356,0.0
0.08883608311937281,0.0783165816539668,0.0
0.001534036992738267,-0.07037614001254407,0.0
-0.42461122261512424,-0.1261935968296077,0.0
-0.10281435495803085,-0.24068318076648565,0.0
-0.04838571349980274,0.12121525704436151,0.0
0.565855770363159,0.05237334384955169,0.0
0.07726511721682931,-0.022333774729850164,0.0
-0.5756313645897124,-0.007954162634765062,0.0
0.01806906298230793,0.7389726337455859,0.0
-0.05770828943433676,0.09046420270008373,0.0
-0.010413530911572993,-0.3506034112858596,0.0
0.34284684435450613,0.22557990980603224,0.0
0.23730958411291406,-0.2728162364384217,0.0
0.4208382932808297,-0.42055531883768427,0.0
0.1760571281400811,0.6571366877429935,0.0
-0.2971608975392065,-0.16988931888083156,0.0
0.029895409526292365,-0.15104269623485975,0.0
-0.4651990293198398,0.020568892441808196,0.0
-0.31869111411783146,0.14207772919055447,0.0
-0.2758272702701409,0.4649803215052618,0.0
-0.2349759877008711,-0.09661845486170267,0.0
0.24405516521090093,-0.36925929493018655,0.0
0.06823798038123882,0.3921428262847284,0.0
-0.4822449703683682,0.05539015755969126,0.0
0.07796483827452706,0.2345468615331931,0.0
-0.3710852132634246,-0.3961369839252829,0.0
0.15658246968506928,0.08909540196995581,0.0
0.07514785510376296,0.1039344628490927,0.0
-0.20400741647354723,0.06967610914830107,0.0
0.08792174198960437,-0.21430542540791034,0.0
0.559732353343427,0.14214987627353626,0.0
-0.35739104916079456,0.19696608259014892,0.0
-0.29240450106819643,0.2361253811227356,0.0
0.34757867370222123,-0.24620469550551313,0.0
0.28901283877329653,0.12383427808094949,0.0
0.246618047998347,0.5690378947961842,0.0
-0.07361643480086115,-0.22612084930724685,0.0
-0.266854328887657,-0.24474308548963147,0.0
-0.02313051282423126,0.10234559244499317,0.0
0.08300723979900572,0.24815497471080714,0.0
0.0039005675633721057,0.43606022314719506,0.0
-0.07939704997138682,0.8160507499768856,0.0
0.18770020432950185,-0.25714726692488477,0.0
-0.3212677494183337,0.1447417245729556,0.0
-0.06703883559775527,0.2142001482276276,0.0
0.14197128737206344,-0.021848673797061832,0.0
-0.25403811542052146,-0.4544541674057594,0.0
-0.1339544856201063,0.2569196382970417,0.0
0.06422812323906119,-0.3737216336135964,0.0
0.0519542777553546,0.11559521391865103,0.0
-0.2651572308603399,0.04611753178365837,0.0
0.017462615533799967,-0.34289108934918694,0.0
0.10733620810448498,0.1682353579104703,0.0
0.3249153729525831,0.31614061561047085,0.0
-0.4133008103871273,-0.28134751197453683,0.0
0.15451058016259792,0.15413578527366265,0.0
0.15451430589181436,1.1558194471964163,0.0
0.17126715320795008,0.3406696920541797,0.0
0.2862005290479607,0.1954173753917394,0.0
-0.09458077339210368,0.22769076614798023,0.0
-0.23184756436127152,-0.07104558202200266,0.0
-0.14560906434873103,0.024562241815896765,0.0
0.6943975700020526,-0.5601795577775244,0.0
0.20587805711235405,-0.4838147613568955,0.0
-0.14157955973683004,0.32668517909020983,0.0
0.01928400572863883,-0.3233234333787918,0.0
-0.21459111277799045,0.20387932468040273,0.0
-0.219109989515141,0.06493757687459245,0.0
0.013671551971144134,-0.19548010428174512,0.0
0.6431832267975977,0.19017570669540337,0.0
-0.6075427759972821,0.055936294430828294,0.0
-0.1985359394305164,0.2557300004388672,0.0
-0.23775622152981019,-0.034420932440069704,0.0
0.15149618369413714,0.2597265582510364,0.0
-0.3600889221167329,-0.1003503707522845,0.0
-0.14248359334828684,-0.19599876977211356,0.0
0.5296362720843291,0.12149451328828666,0.0
-0.37826518630051353,0.2753585841164328,0.0
0.6366468591037899,0.30973957816534403,0.0
-0.455810989786204,-0.1452702218598754,0.0
0.3800733447559868,-0.2123008396856342,0.0
0.13314582844386852,0.23239021602880103,0.0
-0.2780791414734249,-0.017857606818540022,0.0
-0.9723802020207217,-0.30731629240028696,0.0
-0.07577044541794808,-0.3743349545894548,0.0
0.48972339117949054,-0.42904241338818977,0.0
-0.13201334600909512,0.0392221731858274,0.0
0.43238198671983463,-0.4307586453538318,0.0
0.3489491256464879,0.0030699183058761144,0.0
-0.2944525953143853,0.1386310422789812,0.0
0.059717908672041006,-0.1800650631476384,0.0
0.020940625497005674,-0.11559407905852806,0.0
0.034055203575374414,0.198639202356314,0.0
0.4758050448436056,-0.3713446496480547,0.0
0.63991001239688,-0.5856263398567505,0.0
-0.045535528510674994,0.17649516194537296,0.0
0.08429756032050979,-0.18680985594617813,0.0
-0.062436675107182565,-0.14790028039764985,0.0
-0.17680942708326344,0.2548806291063074,0.0
0.1071046457895142,-0.20787287857819625,0.0
0.2698799626299752,0.0921898562629828,0.0
0.24385863565168803,0.18888865257708368,0.0
-0.24869850327662169,-0.16805431205909085,0.0
0.22418808153697853,0.18311107963003945,0.0
-0.00627047818924444,0.0351982149926346,0.0
0.3832994687365275,-0.17747141665074898,0.0
0.16412921435101138,-0.06065779573016822,0.0
-0.06530436096816608,0.329633055596157,0.0
0.24762490469640894,0.24405289080019155,0.0
0.3916436421462987,0.006301152489827715,0.0
0.20458589138848918,-0.09308002697803681,0.0
0.09724990574653262,-0.039042916310305376,0.0
0.029098789497815455,0.1785471076310741,0.0
-0.24546620497004173,0.627716182705638,0.0
-0.3018052144499106,-0.36425658383631965,0.0
0.34743326205002034,0.23749880818888075,0.0
0.18723594511564653,0.18850365277928396,0.0
-0.0036740318540743866,-0.26917631144574944,0.0
0.0227413674581179,-0.2031485134536335,0.0
0.29253592002532536,-0.044117214450641595,0.0
-0.24764915903775345,-0.09641575249589802,0.0
0.1238794362826873,-0.1691173658411924,0.0
-0.24666611866992944,0.07310616344757369,0.0
0.07348997133261682,-0.15208295261133892,0.0
-0.14131149168549684,0.06961498120729089,0.0
-0.43442530244919725,-0.42223913231296656,0.0
-0.2155332663757308,-0.06403414551355417,0.0
0.09327226967940137,0.4426068650848656,0.0
0.2572978869606058,-0.04798155898902813,0.0
-0.005704862370806649,-0.30075880939134264,0.0
-0.005553940797716979,-0.08659759167604149,0.0
0.09681556810142684,-0.24816928306569688,0.0
0.1558039542723517,0.4598216739007733,0.0
-0.032628044537057276,0.12051351662968243,0.0
0.20704319751333375,-0.12036614156575087,0.0
0.06722774454312502,0.0037777202345384577,0.0
0.029302829564649514,-0.23190293515663993,0.0
0.007353052277682814,0.14939948737363493,0.0
0.4353430823385125,0.287781247825562,0.0
0.6459547372534669,-0.23020426886641485,0.0
0.26169619101620345,0.05500260172150552,0.0
0.6569408799653017,-0.24248948560654543,0.0
-0.2519165526542328,-0.17981779363320663,0.0
-0.637168717292942,-0.15772650650422831,0.0
-0.22773979846610937,0.045118135942862285,0.0
0.10252679273314783,0.5628512517647658,0.0
0.2851271514558151,-0.17307109669872092,0.0
-0.2695244014045074,0.1475757514519517,0.0
-0.39606996210619266,0.5494376297563061,0.0
0.3538320362163861,-0.14075269563141143,0.0
-0.5139403587272632,0.40616171224962383,0.0
-0.034361953575785364,0.37134489359203854,0.0
-0.4783282976383101,-0.17981250688613185,0.0
0.0015731099154549497,0.014094178129422616,0.0
-0.1350196414437731,0.1868549797042496,0.0
-0.3202861288147783,-0.04271384550638805,0.0
0.03608868951356966,0.1543316502176247,0.0
0.21348446342666694,-0.33739262755136074,0.0
-0.4602342512206867,0.3833030465695527,0.0
0.0996942035938775,-0.22454596096696608,0.0
0.46534559265675685,0.0347023902878576,0.0
0.35378915521914794,0.020255544423032686,0.0
0.6182243774645961,0.5266022527329614,0.0
-0.07468924454372204,0.2914712852863066,0.0
0.19361278487554426,0.4105894672597046,0.0
-0.2894770381740313,0.20581543799953178,0.0
0.3175273460548763,-0.5276218459269343,0.0
-0.3549775537997325,-0.6117696533280301,0.0
-0.08082205033336733,0.21526267673878868,0.0
0.4507071156288084,0.022228434125932554,0.0
0.48858466367138753,-0.4140304374644674,0.0
-0.5110147318065463,-0.016664309668985633,0.0
0.11521963468179218,-0.009808424428227934,0.0
-0.6202326300119629,-0.026736011853836523,0.0
-0.391340850151456,0.20090176464901152,0.0
0.10997947382905447,-0.28196393589820656,0.0
-0.15416007520100805,-0.31776405656668544,0.0
-0.018803729181951563,0.2865426961503715,0.0
-0.2957178139006631,0.1512139546553533,0.0
-0.15907728551173222,-0.23786184967870325,0.0
-0.03210910798636735,-0.3105726967258122,0.0
-0.1660947916041546,-0.3593633677766545,0.0
0.5894175398749167,0.010579065591518583,0.0
-0.20991765239777568,0.0641939732202666,0.0
-0.033698414907248946,-0.06629087985996689,0.0
0.18425001001302757,0.22725231301419152,0.0
-0.15915034428315825,-0.172745472193404,0.0
-0.0825155091454932,-0.6905763494206755,0.0
-0.45455731865956567,0.4100622802333574,0.0
0.49349031405038507,-0.07471081186691349,0.0
0.17296708891672993,0.09337504636306083,0.0
0.9236642425365713,0.335872473430373,0.0
-0.03837527744422996,-0.2866621321801277,0.0
-0.4819338960772717,0.06103909076016693,0.0
-0.226905223585291,-0.42667611287930224,0.0
-0.19397186527275798,-0.32446440108431845,0.0
0.5061424905217694,0.26449192708483515,0.0
-0.0023917923949852114,0.44398324166700776,0.0
0.02321049229428549,-0.2583852603984791,0.0
0.45693722318089713,0.16167301310539758,0.0
-0.31117384629793693,-0.057101603425082456,0.0
-0.26268547601542713,-0.4148399192893008,0.0
0.2778532642594924,0.5728249921410391,0.0
-0.41957027214574233,0.16889077100717126,0.0
-0.1951927707365481,-0.14613761512940882,0.0
-0.17771817727166075,-0.2591972309039448,0.0
0.014556488383448097,-0.24928503492331133,0.0
0.08113704773395164,-0.015071432834741084,0.0
-0.07168441405992292,-0.27226909861247933,0.0
-0.1730313991704998,0.22661736774772678,0.0
0.15027515628731422,-0.2932665734395653,0.0
0.02979969162876776,0.2254161370115367,0.0
-0.5008215843364116,0.1630080577139805,0.0
-0.198787127683754,0.1711796005779478,0.0
-0.22897774696275505,-0.5414646301993556,0.0
-0.4882627313649488,0.014425483998414597,0.0
0.07791675051644456,-0.2712949875313226,0.0
0.19157773763321218,-0.49845601868068795,0.0
-0.01982393959419497,-0.363304859928737,0.0
-0.19555083234064774,0.014219601394924205,0.0
-0.2581240095851857,-0.1153666632689476,0.0
0.30188784276433217,-0.1730675608569446,0.0
0.2507076336195425,-0.33891205639728544,0.0
0.15894125337458484,0.4324705861973701,0.0
-0.7414933500381867,-0.23906857664114303,0.0
0.173121638154162,-0.0609136158128978,0.0
0.11134376201139265,-0.18119555601474616,0.0
0.025976936241869975,-0.04670317061762384,0.0
0.3503346184979422,0.07632625299036393,0.0
0.10128079862256065,-0.1235630898367402,0.0
-0.14628186722174805,-0.12976745634588627,0.0
0.11833564271348905,-0.12629534424607888,0.0
0.08693245706892387,0.6226202395936317,0.0
0.2613374110295077,-0.09780705965035234,0.0
0.36036417664918347,-0.12242261190646542,0.0
-0.6114373605533562,-0.30242589327522124,0.0
-0.5612375763077567,-0.1054540452123926,0.0
0.00552551375686551,0.5029311936825848,0.0
0.09807821212924879,-0.06573015864265927,0.0
0.24882167435504673,-0.6633405927023656,0.0
0.07068436743256978,0.23125955816609003,0.0
-0.44357587373395246,0.34312621296207874,0.0
0.10154892224832424,-0.12458637417024038,0.0
0.18983455983188544,0.6812078573413187,0.0
0.054559876517548546,0.07446617589010082,0.0
-0.13780826986207323,-0.2549533108394375,0.0
0.24910074496327367,-0.25682514777266013,0.0
0.02146987116581774,-0.143297234029535,0.0
0.14369394772391755,0.10009863158608448,0.0
0.31126198327736976,-0.1530049196564241,0.0
-0.08096248058801138,-0.2936291147346922,0.0
-0.13328797802283346,0.11319014791345565,0.0
0.22709658499360555,-0.27664959725328764,0.0
0.26088177603169804,0.4066913576414853,0.0
0.12403047096711026,0.5630387437674198,0.0
-0.2321367597310719,-0.3733964109934251,0.0
-0.5336160746712836,0.4488132934467549,0.0
0.19630969690621733,-0.01667540127313652,0.0
0.08399058789594609,-0.3376467141895129,0.0
0.7337255938850479,0.03876635459256825,0.0
0.03281843838146786,0.2177299871696076,0.0
0.14430276952101395,0.06716520728373941,0.0
-0.23714233663359358,0.1414405071407987,0.0
0.5646073489425101,0.40362601384649327,0.0
0.4779559879918191,-0.15336470292935553,0.0
-0.2968814460775743,-0.03773607602989444,0.0
0.01671747368660838,0.32825745554128455,0.0
-0.5077393889144458,0.4588650958381841,0.0
-0.047402369573696826,-0.12806432098422602,0.0
-0.30363131257805026,-0.49645700155973077,0.0
0.24695117518857435,0.021995390156521164,0.0
-0.38698826992231616,-0.3885236316190848,0.0
-0.10073540978703846,0.5007064575868179,0.0
-0.07787740540908143,-0.45094288593543186,0.0
-0.07372291922578329,-0.08181707092430114,0.0
-0.8090659928824715,-0.01628845995534366,0.0
-0.06928035906260338,0.2088619094440255,0.0
0.5546868284836035,0.3379695088643272,0.0
-0.08066660716644916,-0.3319577726225011,0.0
0.7720079409749581,0.017765530204346475,0.0
0.00417878757388386,-0.007237526133000983,0.0
0.05942542823035648,-0.04330812357718274,0.0
-0.17209860206407088,-0.16405768237211762,0.0
-0.009825981064799516,-0.16302743134012948,0.0
-0.21385373480314931,0.03192906830756905,0.0
-0.07649316522625658,0.4511978965748066,0.0
-0.7952909425179036,0.3274520555767385,0.0
0.3738255577492887,-0.6220170697224449,0.0
-0.10280627822410462,-0.11143225979873743,0.0
-0.42225350841534637,-0.23334500627726257,0.0
-0.33317275363974863,0.5256811330270867,0.0
0.2807035179442383,0.38146652849824764,0.0
1.2165016192129705,0.6612844686348313,1.0
0.8426439201160679,1.1468123683683755,1.0
0.6333616573324163,1.2138995290517165,1.0
0.9279023805525595,0.8875537577351208,1.0
1.2132879904610474,1.1332789934458118,1.0
0.891710150254276,1.3477989410092743,1.0
0.6756810017200308,1.1847806820832791,1.0
1.1779303773905152,0.907136068205803,1.0
1.0978399066726354,0.624665927084409,1.0
1.2772081057620703,0.9445293590671033,1.0
0.8431830938442881,1.3147027677510668,1.0
0.7886968928371723,0.5774616110909321,1.0
0.5330112479428288,1.1818029854036918,1.0
0.615871194251115,1.5264382545953095,1.0
0.37542117763488336,1.5089369104870114,1.0
1.0633052401607854,0.9709860664388823,1.0
0.8365242739573151,1.1197408343056212,1.0
0.9887095892725455,1.3309905646049565,1.0
1.034268294598612,1.0450905284385632,1.0
0.8909163363358432,0.9829163128836798,1.0
1.0923405306676177,0.4869494822030124,1.0
0.5955443733682861,1.2229792282068144,1.0
1.0512596314383826,0.9448049990941962,1.0
1.005530179919618,1.1042745116085013,1.0
0.8380720959071916,0.7665085823793062,1.0
1.0587535765293046,0.7064881667154904,1.0
1.1224758267143415,0.48922491872864793,1.0
1.308746691197693,1.1417792447239128,1.0
1.0768089202941626,1.2948072951836542,1.0
1.499642333338773,1.304311019505439,1.0
0.4477377306005065,0.6161269099792895,1.0
0.8125544266912963,1.0078273150632502,1.0
1.155297706140737,0.7822768560539604,1.0
1.0560300293431235,0.7733851202940032,1.0
0.8165446591024155,0.5780016709455333,1.0
0.7230300261667287,0.5944946183150999,1.0
0.7072380241068001,1.316092538982352,1.0
0.7151803333504171,1.7897146194512172,1.0
1.1479953702642667,1.055450837108462,1.0
0.7424926659456359,1.2100929638226974,1.0
0.8273086521286679,1.0366029443936084,1.0
1.7680253614806385,0.9711820300826051,1.0
1.3447819978857027,0.7890470724622338,1.0
0.9895034528509115,1.531240190690653,1.0
0.8119098826636698,1.5437345673990785,1.0
1.2123255806366426,0.8312599672317197,1.0
1.1897223217166564,1.291766334888019,1.0
1.1865429886651588,0.5289325840328631,1.0
0.7818588472525394,0.9257444093345486,1.0
0.9776699712699861,1.1862016292652033,1.0
1.0533103002799762,0.5993966923869696,1.0
1.114059355301789,1.183175723585147,1.0
1.167937134379312,1.3242342176663866,1.0
1.2501766463646713,1.137754023768531,1.0
0.9789502865624059,0.5017117199452026,1.0
1.1288854657397758,1.0623063061489333,1.0
1.081473651158612,0.6169754272539072,1.0
0.6756830378775214,1.3159458559998711,1.0
0.9881334538430034,1.2044502092117872,1.0
1.0084955128391384,1.0089268418487236,1.0
1.2814851417927993,0.8451865815347879,1.0
1.028836233082295,0.8613174133884873,1.0
0.8696511317703053,0.9072483629594081,1.0
1.066640131490114,0.8563754135009568,1.0
1.3767268376720563,0.7316178093341488,1.0
0.9439385067515923,0.8680806825177475,1.0
1.4340933653061199,1.0589664329534725,1.0
1.3095533618405906,0.5543318880889084,1.0
1.0801150797607777,1.2668892386870312,1.0
1.0246851967826272,1.3196441125196055,1.0
0.8448134649698884,1.422804232055674,1.0
1.689669437085775,0.8911484318681023,1.0
0.8663492435797685,1.4360153431353102,1.0
1.4738716437192136,0.8431419918540195,1.0
0.8739439548712429,0.9154646173418478,1.0
0.5966648466897169,0.7244044160547405,1.0
0.6987577699743797,0.7696607304687615,1.0
0.9895945337839657,1.0702644197609563,1.0
1.465150147844223,0.7004937877783628,1.0
1.295296719542975,0.9358033467323473,1.0
0.9851608871042701,1.202445847649981,1.0
0.6631833935313105,1.1147229238552152,1.0
1.049935662463917,1.1477353792024447,1.0
1.0867505931723453,1.7365900419732683,1.0
0.8086780047246052,0.8407009134994547,1.0
0.8130578420725707,0.8333568642519236,1.0
0.8087838618080447,1.3567049593322655,1.0
1.4261512743969564,0.8287761118751571,1.0
0.7502933280687314,1.1414246669159211,1.0
0.8343330867157086,1.1898795453266533,1.0
1.06087690625539,0.5452767655008304,1.0
1.4642515603990185,1.5387633019286566,1.0
0.8161633928546841,0.8836895320192047,1.0
1.0857596172174715,1.1003370369961074,1.0
1.1975632818018491,1.603061361629905,1.0
0.9469158317517852,0.7605108266384639,1.0
0.5862042315956418,0.7807209880174243,1.0
0.9900619081378609,1.5383673590553362,1.0
0.8447166102891486,1.0671363854916696,1.0
0.9950731311781744,1.356517982034425,1.0
1.7580797277620865,0.8407393681239038,1.0
0.8531681672445334,1.3132482631207216,1.0
1.2045674468878933,1.5540121977208101,1.0
1.175178455597789,0.8922123727638821,1.0
1.1771964492076927,1.3326110741748722,1.0
1.2461446543592092,1.1521822093321894,1.0
1.3200024068767462,1.3507886771337019,1.0
1.414647697311258,1.1946129662768927,1.0
0.9498645759049437,1.0440141059299968,1.0
1.361952689952507,0.7549192987038291,1.0
1.1106019926618704,0.8819983563017918,1.0
1.0086234468804451,1.3835355587821896,1.0
1.057329720405971,1.0139309644468446,1.0
0.5920431577060242,1.223876069808166,1.0
1.1936452543423226,1.6489764169916379,1.0
0.9076665295140998,1.0657450982991816,1.0
1.0748151051132266,1.4732359839290423,1.0
0.9714113402839144,1.0837064577311017,1.0
1.1823689529149617,1.0559827369469075,1.0
0.8660699156348415,1.0582269978694923,1.0
1.3220895249579316,0.692045410176682,1.0
1.0398909022440628,0.789963755518248,1.0
1.3585139886774527,0.5430439285648676,1.0
0.8323234458185235,1.1131635625193563,1.0
1.4696572087703021,0.9802749216781037,1.0
0.8334401419920405,1.5643471208321769,1.0
0.5655958298751268,0.3403582130139754,1.0
1.1320043350159996,0.8493837326942166,1.0
0.693630154860786,1.212506934189806,1.0
1.0731402141313597,0.8307764107789815,1.0
0.6159086803987317,1.2617371984840433,1.0
1.1950603533875983,0.9702472408661851,1.0
1.5539910988142998,0.6789745701021542,1.0
0.5423424487225783,0.7924275790356267,1.0
0.9863241950933507,1.0730018347968076,1.0
0.927629182643101,1.105616618954289,1.0
0.6245381727428667,1.4331293812219779,1.0
0.9753546464822294,1.3351887494764383,1.0
1.1028176039133113,1.1370259657461352,1.0
1.170930184069661,1.1343125680051944,1.0
1.1928168279602631,1.3987457590397294,1.0
1.058956350910441,1.2127011272765538,1.0
0.973079291713832,1.4320351646348417,1.0
0.7970823093822191,1.5402821298732445,1.0
0.9879526148066969,0.5707674693645856,1.0
1.0384313244732368,0.7956845027575358,1.0
1.2521930646966173,0.8042128062092827,1.0
0.8661449700355661,0.4331377807163407,1.0
0.8643081042252769,0.272836202011313,1.0
0.524829152954283,1.2281243968432891,1.0
1.2357400475952496,1.1276372685354894,1.0
0.7099071570612361,0.985686593157406,1.0
0.9989192382728295,0.6524905932422371,1.0
1.4510194905301452,1.2632086871727015,1.0
0.9337107478511009,1.0080657516983593,1.0
1.0625148423842656,0.38747953947271285,1.0
0.9258467852438209,0.7954047256006604,1.0
0.6995139970315254,0.9156699121342136,1.0
1.5393059580548567,1.1922528583801029,1.0
0.828646303065161,1.1717748344068475,1.0
1.4198066309758006,1.2773901048738305,1.0
1.0178891109760522,0.8059189666883279,1.0
1.209466994084077,1.1180456156265248,1.0
1.2685579660083197,1.1905515405045908,1.0
1.3148658145958005,0.8394294365318296,1.0
1.3952182196902978,1.0592798814077198,1.0
1.6225782617875795,0.7932436545731296,1.0
1.5207891409495748,1.0593732350387943,1.0
0.8045745989156655,0.8548342497837036,1.0
0.903895807541704,1.1272497839205748,1.0
1.1568506464106498,0.8278899988184263,1.0
0.9926936223217051,1.642681107583559,1.0
1.5182629510302132,1.1308971009022097,1.0
1.0114010434504601,1.0360093980154783,1.0
1.184055391819125,0.6931622304404783,1.0
0.9227870387729965,0.49942477783672323,1.0
1.1197669367815837,1.1941587819108224,1.0
0.8550440613101878,1.47219602898701,1.0
0.6322703010992976,0.560687535937054,1.0
1.0673355455679916,1.3141294907836463,1.0
1.5051783074373606,0.862334721139318,1.0
1.3236042500293888,0.9884474591497878,1.0
0.9482118100177541,1.2650979812460017,1.0
1.195696863524026,0.5270823529047253,1.0
1.4429621049177688,1.4140274062442355,1.0
0.8123311895471412,1.1187410600312226,1.0
1.1482090558848217,1.0782021297471722,1.0
0.834908453846374,0.7985129896185845,1.0
0.9923337787025664,1.3518187057778093,1.0
1.1630800463783297,0.8888157003741682,1.0
1.2315096131945034,0.1454372138109774,1.0
1.3446297101116311,0.47808586636657013,1.0
0.8912677175790603,0.6640990316121569,1.0
0.6115955572837283,1.3482480362135558,1.0
0.8596896396064326,1.1039511645192148,1.0
0.9859238263362448,1.1431122481669365,1.0
1.0230465673180766,0.6151023327434291,1.0
1.298880045834142,0.8518730250516062,1.0
0.5330254304020747,0.8715654517102263,1.0
1.4502279371902933,1.2550665226340478,1.0
0.8954043596776422,0.8952226887044714,1.0
0.9035094846347852,1.6230243950682524,1.0
1.114580635669466,1.129012494157321,1.0
1.3090850362095527,1.071636747707954,1.0
0.9222873562537891,0.9410950452745065,1.0
0.9785196221757808,0.9888333290470476,1.0
1.218288863091094,1.0155837657421898,1.0
1.2197920231646737,0.9757850259674253,1.0
1.0235905570948272,0.4005397946403677,1.0
1.2748983024107443,1.1039465427693977,1.0
1.2994030329578956,0.13112338654189326,1.0
1.6265124114342182,0.9581231115534479,1.0
1.332454845021255,0.6880282218623408,1.0
1.183832171518771,0.6839753310479031,1.0
0.8128693117912584,1.5742094061600358,1.0
0.942795279770996,1.065229861953917,1.0
1.2610203192066263,1.1487045663917814,1.0
1.045125671543073,1.1094883007398677,1.0
1.7210246755714826,0.9827143608899244,1.0
1.0603297140144903,1.3151963188022835,1.0
1.3316577798873952,1.356109091668114,1.0
1.1916190666087554,0.657098526180855,1.0
1.4900294596903287,0.6560963820943937,1.0
1.09079063957171,0.7737172449941927,1.0
0.9807584960221022,1.098628723091044,1.0
1.096407164635082,1.1265762262705854,1.0
1.4841133807175941,1.1360602904541939,1.0
0.9267530094128054,1.2892261504865072,1.0
1.3568411466773922,0.6317176554589023,1.0
1.1792200209549575,1.2103518226932695,1.0
0.9107309489920025,1.4127120439934857,1.0
0.954983323890242,1.0376729360414627,1.0
0.9480784527148391,1.0046737142744402,1.0
0.6711174739314394,0.5679847352217118,1.0
1.4783515189674916,0.7459115955045017,1.0
0.7025822951631079,0.35398296591888556,1.0
0.8083114756931493,0.6030730619777505,1.0
1.4926045480409107,1.3029451268027903,1.0
0.7935548964466829,1.6757307416032927,1.0
1.2945296460974782,0.9025505849474132,1.0
0.2501782855379281,1.6872827717772225,1.0
0.5831282599709212,0.5063803759129325,1.0
1.306771129602892,1.7319257219017818,1.0
1.4152818455531555,1.1691727360157078,1.0
1.1784263024995858,1.2560246676340923,1.0
1.2276785769360294,1.0843574271908127,1.0
1.0312603311855628,0.9812220616301432,1.0
0.7738106233399971,0.9157974769399678,1.0
0.49211295574138436,0.970498111961575,1.0
0.7034226678547248,0.6689232048352687,1.0
1.0539682453460435,1.4176006859033798,1.0
1.2754949818006938,0.5288498189130469,1.0
0.7031115590288988,1.2822313563964647,1.0
0.7052537819385072,0.9326100550008927,1.0
1.1650156297073655,0.7094966635409095,1.0
1.031612651843788,0.5997923515245387,1.0
0.8195897068146359,1.0959345802427611,1.0
0.5221018799404993,1.1321424213881197,1.0
0.9941086603219956,1.1657469863251444,1.0
1.0671742402193984,1.4092421289921533,1.0
1.0375673507943721,0.8711783376624241,1.0
1.0366892509096852,1.1629894087109163,1.0
1.0146580210977112,1.0121775073611647,1.0
0.7894024936579734,0.8011297247347156,1.0
0.5792184184600919,1.5248730229560818,1.0
0.6268410293826145,0.7921284406612278,1.0
0.7844778203292407,1.2684773130833324,1.0
0.9115150965123917,1.37432262180212,1.0
0.7979528127268395,1.0836982486671405,1.0
0.7493958840220728,1.6435447383320163,1.0
0.6437204742911462,1.0929462130681082,1.0
1.1901330642796295,1.1241397292354494,1.0
0.9444137023366875,0.9610537900799722,1.0
1.0131434415937328,0.9558993995114534,1.0
1.2891637350384728,1.6631569004774054,1.0
0.83275246449765,0.5890591061262767,1.0
0.9735153854946236,1.7739128012962957,1.0
0.7588976296090808,1.4917350416332202,1.0
1.503310244222932,0.8339235274876016,1.0
1.1706949237555826,1.4885189869385613,1.0
0.8862616777037539,0.9389258919692914,1.0
0.8254957258154069,0.69557298079214,1.0
0.8052167364801979,0.6328179199713231,1.0
1.0102250404777677,0.7690080306824074,1.0
1.0701357735372243,0.5332313061389118,1.0
1.0992640696643372,1.2500586884826774,1.0
0.40187930722856335,1.1122169709542717,1.0
1.3683006977419876,0.6371076943926384,1.0
1.5017717160513109,1.1257057028098136,1.0
0.7884964432724774,0.9832692767026882,1.0
1.1674980737565166,1.0228016174237236,1.0
1.1616267977339108,0.7237979220761901,1.0
1.0508082472108233,0.575885650928506,1.0
0.9666321815953899,0.7288277075605631,1.0
0.77934101722307,1.3708279525631313,1.0
1.3273930361782806,1.1827414362721531,1.0
0.6723061705982263,0.9050774650915594,1.0
1.363929309993755,1.0425150740919715,1.0
1.6957988619945081,1.1179953518183114,1.0
1.0576147349470095,0.9072650607392496,1.0
1.0400622714346848,0.9542590490858368,1.0
1.212432603006577,1.2870106950383753,1.0
0.7642031618476152,0.6006301139326666,1.0
0.4491383880690111,1.1523973980737632,1.0
0.6689900181478379,0.3541328221142551,1.0
1.1165735813592892,1.747899855229837,1.0
0.998178726538032,1.2515472323354926,1.0
1.0245488075642695,0.9703331040426572,1.0
1.2757229448963305,0.9129176367434046,1.0
1.0802176942215709,1.096509341858804,1.0
0.7995728639070854,1.2976127048609567,1.0
0.9475120729913774,0.7732764521521466,1.0
1.1609529530711211,0.7304596054626888,1.0
1.0084543472107386,0.9972643010067389,1.0
1.3257686697494735,1.1424094698639857,1.0
0.9924919123764568,1.2453298897600862,1.0
1.417062264705194,1.1673430919055587,1.0
1.0031057859530141,0.6064491302949522,1.0
0.6804659010773882,0.9084325886935997,1.0
0.817146339352215,0.9439086091043662,1.0
1.0169949774691323,1.1589078263070192,1.0
0.9788503665822726,1.1459504931478606,1.0
1.019342324443036,0.4073600300938386,1.0
0.7181993818543737,0.9567737332835153,1.0
0.6370915771476677,1.1799786189988613,1.0
1.4592252497031093,1.365628555509195,1.0
0.9359671387209376,1.4472178410549856,1.0
1.0446002371606335,0.8988742086645882,1.0
0.815979200937718,0.9092590940535615,1.0
0.8835469544376313,1.0511248667126463,1.0
1.0481721943149593,1.0009138060460243,1.0
1.1310814509239049,1.3571938824359024,1.0
1.2848662406323972,0.554530609465029,1.0
0.23382365952941353,1.280295973371782,1.0
0.5899363904753736,0.9325703794321949,1.0
0.6489660921821921,0.4594058687259941,1.0
1.1624388184614365,1.227746548090794,1.0
0.8270468797819842,0.22268731235652706,1.0
0.8361266655242552,1.117541201620764,1.0
0.5563265293677614,1.0550079759337467,1.0
0.49081409049620267,0.847574899760653,2.0
0.571748221048492,-0.08384136452893332,2.0
1.2179429009986946,0.404882256183818,2.0
0.4836172762940409,-0.05996077544391765,2.0
0.23403064928509382,-0.030881628416140505,2.0
0.3962323640459462,1.527025088085406,2.0
-0.32314068575881383,-0.4681368387260446,2.0
1.3827021964961652,0.37440579370888033,2.0
0.09855635680405006,1.1239428124376458,2.0
0.13663067615788155,1.5956058281281618,2.0
0.9067555228035614,0.2072531551125784,2.0
1.794384927959302,0.13657104619799698,2.0
0.9452572232055843,0.6795755482438952,2.0
1.281044773639279,1.4369067180361115,2.0
0.51920248943946,0.04794927779228997,2.0
0.7759832857634699,0.09337077814873634,2.0
1.7080323485159739,0.5819211986496424,2.0
0.2808070692127348,0.6108081835189451,2.0
-0.3082757737178179,-0.08296842310639085,2.0
1.2202483447666552,0.10586343261716258,2.0
-0.1281465896091637,0.8219916515163717,2.0
1.2114224927977981,0.93137198639904,2.0
1.09762861148349,0.04592294685832354,2.0
-0.3530864000451063,1.4008001911732921,2.0
0.30639209669471856,0.3495001901269716,2.0
1.2969164851094348,0.833738005640396,2.0
0.7735326632489645,1.7990014069406504,2.0
0.11388906177191421,1.0567040768487423,2.0
0.5342078749382507,0.6611553673179542,2.0
1.417081055847519,0.8047014537737742,2.0
0.8229776474297797,1.1435044023858811,2.0
0.2810283622742688,-0.003525800403403778,2.0
-0.12688551641262014,-0.6798139536256009,2.0
1.7337242779641933,-0.16192501943300985,2.0
0.36724782584853677,0.3339120200666476,2.0
0.6844440186854605,0.989442327523578,2.0
1.0162840930158472,0.15015353685863692,2.0
0.3997269717281531,0.6695479702929797,2.0
0.35078532428987175,1.4644073456119955,2.0
0.7945849709829508,0.9409266716298905,2.0
0.8977287612004476,1.2040843144911948,2.0
0.6086129352222241,-0.27809916877350793,2.0
0.7398127710515849,0.10918586372490258,2.0
0.1828299909501459,0.851818411253056,2.0
1.2429698428601814,0.512762946041637,2.0
0.6852998075593782,1.5213289667811427,2.0
0.644451907693141,2.061009868508237,2.0
0.8393057873789265,-0.5564576554934906,2.0
0.9520049726627196,0.7286950309296667,2.0
1.2738516524496473,0.903908810761975,2.0
0.4169264096097357,-0.23457894177361938,2.0
0.3745860456283848,-0.01031227252558009,2.0
0.1516859301171664,0.8531470426523657,2.0
1.5019427026108436,0.7368029178937887,2.0
-0.21752983722111063,0.7667616009320843,2.0
1.2179788919873906,0.1341302574083707,2.0
0.4195896999962494,0.5088129168375183,2.0
0.02906101215065604,0.8889682603063154,2.0
0.42743111083533103,0.7517194663442166,2.0
-0.032495306681259994,0.23752501980595375,2.0
0.9334288146966627,0.2763001087449398,2.0
1.536178310740043,0.26021828863123864,2.0
0.6348108354511315,1.059554499123854,2.0
-0.351019439759819,-0.5564852871884656,2.0
-0.4153937887420568,1.2575504620563094,2.0
0.16888511246453197,2.0349195714009514,2.0
0.16145144080556684,0.6107307819182222,2.0
1.4252659715407252,1.7036557328954738,2.0
1.7369021459818386,1.2250197383558854,2.0
1.1144375154868773,0.8555161695207099,2.0
0.9670166456999827,0.16928857020287996,2.0
0.009080669946615716,0.49797532555342877,2.0
0.39788922648504293,0.22806317040363489,2.0
0.9178324684740291,1.0731831251423065,2.0
0.5530441317751084,1.3865180486331572,2.0
-0.18501346848010303,0.38380432443216916,2.0
0.06990660763831708,-0.6199219702438359,2.0
0.45039158849438043,0.4269514949700299,2.0
1.4080698459452785,0.8784870107328665,2.0
-0.11451209459752298,1.612455539800513,2.0
1.2326202173152119,0.8492586220811695,2.0
0.3641095406901008,-0.07566354203408787,2.0
0.2766759343573682,1.1532491718225115,2.0
1.6307517835607654,1.4259461169633134,2.0
0.20669034692823557,-0.17177045997340668,2.0
0.5845317481467224,-0.561063619337711,2.0
0.6939006285108689,0.4114384482207988,2.0
0.22037809887905468,-0.4568218403600772,2.0
0.8081600639418299,0.18037949620285315,2.0
-0.20195010142617276,-1.2233573279689895,2.0
0.48349105696961825,1.5633509580018463,2.0
1.496755528728722,0.2257422460482369,2.0
0.1386727637829317,0.7812645536450142,2.0
-0.09903126351297487,0.6810751398916796,2.0
0.9596481670308141,1.2361599343305847,2.0
0.4399075541120283,0.3777957498938205,2.0
-0.026789552053936627,0.0038717875760839737,2.0
0.36411266485908395,0.7204193040897069,2.0
1.0481507757399497,0.01809262959179314,2.0
1.395613141375713,0.3373258393744587,2.0
0.4871796233909383,0.05167299251130597,2.0
-0.9545441561637649,1.03042723781663,2.0
0.94210633825546,0.331203465729072,2.0
0.5401944303349231,0.8095635306224597,2.0
-0.4375275141319256,0.18256839359222315,2.0
0.9765588077730962,-0.2525736539015496,2.0
0.6761347592999776,-0.313949082774043,2.0
0.7798579894601159,0.47861511062150985,2.0
-0.4690790895433057,1.198843612674303,2.0
0.059245053921170465,0.013848537791371407,2.0
0.6203415183385657,1.1891824096572292,2.0
-0.10949309138703811,0.537007909908783,2.0
0.7572899001983437,0.9158633643578864,2.0
0.605864933166335,0.2797832965500066,2.0
0.003445867610768205,0.5516863298278248,2.0
-0.14328340719136412,-1.2528102900967644,2.0
0.7619358824946008,1.042360904651717,2.0
-0.917759461325103,-0.10583842282596245,2.0
0.8714925566031186,1.7344972818270192,2.0
0.5124762246052448,0.06319823526251933,2.0
0.3902621353370959,1.3249258514889108,2.0
0.11242149252527883,0.020484796009847872,2.0
0.21035388669078053,-0.07199716495522734,2.0
0.5736021895968773,1.4748070750817364,2.0
0.6938475638696174,0.34858789872422746,2.0
0.32491323865067356,-0.43791448521799414,2.0
1.0298658662882954,0.4532976817923188,2.0
0.39171205184562463,2.4158645407069166,2.0
0.6792517450194118,0.04892536994288943,2.0
0.24418544227667405,1.189067425518053,2.0
0.5679622463226587,-0.36296678699041995,2.0
1.051537360745122,0.09911354867660366,2.0
1.6239786657305273,1.1480288394287892,2.0
0.23160686260474928,1.2686098170410678,2.0
0.540713306316442,1.0116642050733318,2.0
0.7908396903766848,-0.007813992994524122,2.0
0.1138701006095228,1.1179764905486969,2.0
0.29913480073607546,0.257810922054802,2.0
-0.07307354760961171,0.7541594393560767,2.0
1.737514951545887,-0.14051974855256366,2.0
0.5145316740036548,1.3473323332492575,2.0
0.4522151652525709,0.7714230777498403,2.0
-0.13743611688812785,0.7569842583245892,2.0
0.38771344099727073,1.0914379974079178,2.0
1.2124316309388505,2.0537381852111682,2.0
0.8477799039281454,0.6954777899492999,2.0
0.6166305809464017,0.288100224313587,2.0
0.7030903060770146,0.3227591539165824,2.0
0.6010765857617686,1.2905585213647757,2.0
-0.10392553916778469,1.1839271366774273,2.0
1.2902690404039192,0.4291588838053528,2.0
-0.7731129394051568,0.13530680774334053,2.0
1.2781967279366655,0.4862791626206707,2.0
-0.09958133937694646,0.19713504726306957,2.0
1.0043720159027318,0.8280401409208276,2.0
0.3566407404981834,0.27990535291118745,2.0
0.26494511057370684,-0.053446110699101546,2.0
1.4692254136816651,0.30660771847319607,2.0
1.2302951124952979,1.412789631153471,2.0
1.0989865388887763,0.24102781236917098,2.0
0.7422380542019656,0.4854826361654503,2.0
-0.04222111643807691,0.6946155690329618,2.0
-0.20742387469588153,1.2126076330769382,2.0
0.22122962162096416,0.6206957935237036,2.0
0.6699727229276853,0.3446570157775536,2.0
0.8520162808851648,0.21505780602648533,2.0
1.0227783784743465,-0.3075878081480491,2.0
0.5758277477278471,1.6633573994349709,2.0
-0.10019879476334481,0.09335301768508913,2.0
0.808344709795349,0.6077490691637588,2.0
0.7103780595641356,0.7935122780885981,2.0
0.8808328811370619,1.165819905173734,2.0
0.7458911941571076,0.35524540722887454,2.0
0.9035442207216388,1.6399291609371294,2.0
0.42041975217045585,-0.08471758280238484,2.0
1.1642484015721837,0.42777130162784105,2.0
-0.8036017276084217,1.008453006290253,2.0
0.17880308842764636,0.44568003061750355,2.0
0.6991881983414088,0.6142998078674399,2.0
0.9256710902834238,0.238708177658094,2.0
0.8078634789056496,0.34427199344964965,2.0
0.9432862885325017,0.869220490407832,2.0
-0.0612632212267572,1.1515892697050192,2.0
0.17842193293157121,0.984834678968687,2.0
0.7203723880408044,1.6029102060770735,2.0
0.36592041057688873,0.29040992232908147,2.0
0.4883482364673604,0.3180921302994347,2.0
0.97996514116523,-0.4697863650619527,2.0
-0.13220945148781238,-0.14068175294751584,2.0
1.0701845551841456,1.526368023549155,2.0
0.4373304688775171,0.39870696608599365,2.0
0.5420312978679088,1.1971269815649141,2.0
-0.056411880514344426,0.6430213896408711,2.0
1.0851185778694579,0.8006565019639071,2.0
0.613748969959246,1.1006276555402845,2.0
-1.1219393757995422,0.9067251917185446,2.0
0.10755459012354573,-0.598379738113874,2.0
0.8067215597149884,1.3241951270977745,2.0
0.4175308912233849,1.0717247283217632,2.0
1.4673669547931874,1.2889486721504284,2.0
1.4839787176228358,0.9452764946431353,2.0
0.5452601833409557,-0.46117948713830104,2.0
0.3523625071220309,-0.00594795718971497,2.0
1.8025656304986881,0.394468512540598,2.0
0.5739228840706914,0.8308912256242805,2.0
0.5261614678234723,1.5170306242584517,2.0
0.12641038295932883,0.6167644731423456,2.0
0.054517648581171085,-0.29201350673242343,2.0
0.13293854545682876,0.4777779217709528,2.0
0.242418665289644,0.08454741207568645,2.0
-0.34379047820310027,0.45013665642278317,2.0
-0.40283222441860134,0.9560335782137616,2.0
0.549463851760702,-0.37453089967895836,2.0
0.31447455377008193,0.048706156645650145,2.0
0.6915047062515083,1.3042702676138869,2.0
-0.6251034817874468,0.5690156474884502,2.0
0.40392032266001576,0.9028040458702794,2.0
0.6279179769426135,0.048818400956708585,2.0
0.3085676386000291,0.022384485917906594,2.0
1.1456042831591589,0.5127869892031653,2.0
1.6407144114518044,0.46360351171122754,2.0
0.07495593985372234,-0.4082286355676963,2.0
-0.5818838057535669,-0.4504815658032938,2.0
0.66027599060689,0.8052350139379603,2.0
-0.44871442121927996,1.0370229884456692,2.0
0.21016336898993632,0.5880758071913296,2.0
1.4673323769532547,1.0381035895193191,2.0
0.3388816112565006,-0.034715335249172474,2.0
-0.7910892407975829,0.06850800845454796,2.0
0.37332185670338336,-0.09230771629071033,2.0
0.42124581974461717,0.5461111297752609,2.0
0.36508641091515287,0.10999845150592419,2.0
0.6011928031800367,0.7651643897416454,2.0
-0.15423944646570764,1.3465594278477622,2.0
0.440847120629443,0.5113097737669086,2.0
0.9249286539539343,0.639929678758101,2.0
1.0718819803479471,0.6722744991210945,2.0
0.13253757521573728,0.716902115123661,2.0
-0.186235724392397,0.5651358234659138,2.0
0.4800620056133235,0.3751298856364762,2.0
0.4228774931366416,-0.6291094272985833,2.0
0.17076505535542313,0.5557069406846689,2.0
0.5959138351984402,-0.11660508455557483,2.0
1.2594247045188203,-0.01970490892870047,2.0
1.0816743203160422,0.7563166171230109,2.0
0.11226361409371816,1.565186535565707,2.0
-0.21618209905388797,1.051492504166001,2.0
1.1003493908257869,0.09762787455401306,2.0
1.3354791800385972,0.34997209124062834,2.0
0.6732161775679142,0.6561931032627324,2.0
0.41941475511767135,0.9864849638958693,2.0
0.9760932323313278,-0.5491191839429084,2.0
1.2826041457268915,-0.49749519282140453,2.0
1.1195277226049942,1.1760230820965498,2.0
-0.1545798581291189,0.2535114272272491,2.0
-0.16342280109156138,0.3710473818267588,2.0
0.31517942948855526,0.9677963193616039,2.0
1.286185247671765,1.3374102864739736,2.0
0.16269918405301875,0.3744668757532833,2.0
-0.5100629153325702,0.01647796010228675,2.0
1.0789109798584744,1.469349694128939,2.0
-0.24060932312795325,0.14452144450826349,2.0
0.4841565458246438,0.6680966952917641,2.0
0.014237888047012315,0.7544366266784538,2.0
0.2156963917574503,0.4913286374730325,2.0
0.8277705488022198,0.5038533618865627,2.0
0.23816846568405886,0.4342341176445015,2.0
0.4469822244767988,0.2779933820707234,2.0
0.3447223623997386,1.45918830230283,2.0
0.8365516687647432,0.32271180918250375,2.0
0.9181726427064414,0.29970830614639404,2.0
1.2038747825519849,0.7217853153188564,2.0
0.4356187135974627,0.7686301554861665,2.0
-0.44252569124109953,-0.17606048134588315,2.0
-0.21635500383943318,0.585765856858224,2.0
1.5395089996910551,1.8387800877155793,2.0
0.8828306608644543,0.8005066849666742,2.0
-0.5806346404916434,0.174395720159587,2.0
0.02732974885505668,0.1274914410493304,2.0
0.3991137088491262,0.21674565338172358,2.0
-0.6875798862254725,0.9487461536705203,2.0
-0.14364581544388388,0.6435481184666897,2.0
1.744449601849984,-0.051630754951853985,2.0
-1.0181725136477977,0.3283974668719335,2.0
1.1605757809991426,1.6750084725323562,2.0
-0.23772975667145013,0.7980195339419129,2.0
0.22081372593196802,0.4364309874175186,2.0
2.0866060082102207,-0.40178219703709184,2.0
0.652243796896744,0.7806159030592599,2.0
1.1514717949636082,0.5587898920825373,2.0
0.6848303237024613,0.2650108595469254,2.0
0.6614761647470644,0.2940846347015537,2.0
0.8729431339136304,0.2782337983738196,2.0
0.7262602363413119,0.482442311789013,2.0
1.1756301504633009,0.4691637658469083,2.0
-0.5638194809241288,1.257152900428395,2.0
-0.04343938051757135,0.10774019681070812,2.0
0.14260322357390476,1.3246628559024902,2.0
-0.7814045283872173,2.382649120195996,2.0
1.1336340854396312,0.6339433484774958,2.0
0.46706359963022814,0.6713324449145941,2.0
0.812673457027603,0.8871293515700343,2.0
0.833362679602069,0.5537484087531492,2.0
0.3815969478156044,0.409236029807893,2.0
0.3830550317883914,1.1802620581202388,2.0
0.8561340333685171,-1.264233180798568,2.0
0.8935404659178565,0.6168417168312649,2.0
0.4887747461324615,0.26688892814666854,2.0
1.174467631991608,1.0685158772737147,2.0
0.036273399305834564,0.744231372274721,2.0
-0.08299404072477157,-0.3277708988733583,2.0
0.12396966524602093,1.0174360834296552,2.0
1.0718750272256519,0.8078512520583758,2.0
0.9350574721087983,0.809706972268975,2.0
0.1151110428662287,0.7591535268043643,2.0
0.9802457151366093,0.9525747978881445,2.0
1.2133480228847857,0.9249823083206383,2.0
0.7108689245249498,1.1420901429898564,2.0
0.48408724445056395,-0.029124790736630657,2.0
0.40215982163374164,0.053058413116130576,2.0
0.09489303501537111,0.4132887975706893,2.0
0.024548047400023254,0.3152230822165758,2.0
-0.6361688001722714,0.6279762244237631,2.0
0.5007232852173346,0.009746821359085667,2.0
0.8955474010594431,1.062542082575935,2.0
-0.46453591862138444,0.04236513286027149,2.0
0.038514590127621096,-0.06394186066531882,2.0
0.9976849051590491,0.3837043167363179,2.0
0.34129109521363354,-0.702317418644052,2.0
0.8812508181255359,-0.24355503691208347,2.0
0.535959578159797,0.6664261627749151,2.0
1.3163951575031905,-0.2852922394714672,2.0
-1.3117072934924952,0.610309726852217,2.0
1.5803067089065121,1.2433678117636624,2.0
0.6257956491647755,0.2050182886207716,2.0
0.9842735579823862,-0.08412771982268119,2.0
0.7858146616137316,0.8032820954999761,2.0
1.136125944499328,2.155796023346647,2.0
0.7354495803072603,0.19462182457550076,2.0
0.48465541268480333,-0.5614455429334708,2.0
0.7915860606732825,-0.12278473143393119,3.0
0.8427734806196223,0.0457064616101166,3.0
0.7532740202853399,0.3363092001973414,3.0
1.000062119475459,-0.0027900963415843252,3.0
0.9016315850461246,0.04655720515769374,3.0
1.2475294794002905,-0.2601390647132701,3.0
0.802565053277423,-0.0911178086329994,3.0
0.5962387229580355,-0.24577735791644933,3.0
0.8571337379366023,0.2623167542138182,3.0
1.0787683987005774,0.058076973410263306,3.0
1.2552693886503916,-0.04121153651981899,3.0
1.1171394549786668,-0.03096652587974887,3.0
1.0796087048198886,-0.1748275972834746,3.0
0.26835485251707125,-0.040283748655891245,3.0
1.426824440829982,0.2778646206724777,3.0
1.2896192453773512,0.37083921654186536,3.0
1.0265972772884313,0.05919471222167867,3.0
0.814704431369695,-0.09482185680811493,3.0
1.1847313449313424,0.36116533115064486,3.0
0.9581661172957001,-0.13505677945542346,3.0
1.0001583876569793,0.18036202467873444,3.0
0.5668435551599375,-0.6888542859411714,3.0
0.8348389451525249,-0.3662137277742476,3.0
0.8475579407058067,-0.044334095645241454,3.0
0.864025477293096,0.4357402603412236,3.0
1.098023429380696,0.09014230788324851,3.0
1.1866621432130207,-0.3416499353342307,3.0
1.3117335362260807,-0.022729285960637963,3.0
1.2011441851723639,-0.32155716991204664,3.0
0.5338723701951807,0.24536689740750858,3.0
1.112922857829255,-0.2706154663072531,3.0
0.7391010756175918,0.3376304353244308,3.0
0.6431764321398017,0.492801885976789,3.0
0.7298137796056394,0.1915175776825149,3.0
0.9014144572753047,0.18095622932470293,3.0
0.8367657993657422,-0.048837871821688264,3.0
1.0122757526187163,-0.3006562367344418,3.0
1.2222473036260377,-0.15396406994147557,3.0
0.9314200253979944,-0.2983048123825537,3.0
0.23129990236140685,-0.0573083287800507,3.0
1.7237846264838748,0.23538128636940714,3.0
0.9942218860796816,-0.0788672487624803,3.0
1.0067397678436139,0.16413573455256297,3.0
0.6457561554073465,0.3342965084006616,3.0
1.2146143946323733,0.21545571771238034,3.0
1.1315427216429181,0.005884997308196971,3.0
1.2018583707900459,0.1775442401224134,3.0
0.8937877867176929,-0.17208053186907027,3.0
1.030556888578596,0.4647060454485562,3.0
0.6282678773038297,-0.440257579725732,3.0
1.049428252370955,0.015266310556805418,3.0
1.0520024993111226,0.07318595937255007,3.0
0.9330393236095584,0.4469590315806246,3.0
0.5197288064570453,-0.2485491074340738,3.0
0.9690235719552858,-0.49295664334625017,3.0
0.9472436786703786,0.4984410497184054,3.0
1.0062659464887886,0.06921027171560504,3.0
0.621950570448226,-0.18490842241184324,3.0
0.8874410859028189,-0.09531452902687021,3.0
1.3844931385011305,0.16730731821753736,3.0
0.6665626129188904,0.07395143352960146,3.0
1.1494665245490356,0.34204471155637994,3.0
1.474162205970512,-0.3045282575483606,3.0
0.7567427466368986,-0.37727335767438486,3.0
0.9297940422679056,0.13990751233390034,3.0
1.2962003549767305,-0.022785307092756828,3.0
0.9040457430235468,0.04552739767462211,3.0
0.7494571295109931,0.626861616508432,3.0
0.5177016918645825,0.05542217366871734,3.0
1.6070818657688917,0.0020399533679993304,3.0
0.9429882894995517,-0.10723362684312815,3.0
0.9458824954712777,0.41185454240295905,3.0
0.33644142660114795,0.46003011038889763,3.0
0.5728128542649564,-0.07999569877032443,3.0
0.8712266739104014,0.17656598093121592,3.0
0.5205626944348758,0.13865179982458284,3.0
1.6072928869860559,-0.4089522013778431,3.0
1.0569118502831187,-0.1985946533389827,3.0
1.1277661618579107,0.005744333224725617,3.0
0.8075539272867072,0.1463616854613222,3.0
1.5413044329360228,-0.0572711375181896,3.0
1.2159273826444545,-0.3879818873613491,3.0
0.7130690869545974,0.1417218833641132,3.0
1.4452348085607896,0.106684004635698,3.0
0.9060825908430536,-0.00021257837299377516,3.0
0.6248776798090847,0.18135459790661002,3.0
1.2646999186970227,-0.1356270998499241,3.0
0.8589873556721496,0.07976346889561454,3.0
0.8689840791878214,-0.019839784387746737,3.0
1.6299165367499546,-0.074107710223799,3.0
0.8924979543936333,-0.19426254169054774,3.0
1.223257591449981,-0.0543672519654309,3.0
0.8051880885035723,0.3963912096819036,3.0
1.4258809013540912,-0.18012706972161155,3.0
0.44003801459181513,0.30225410695107663,3.0
0.7946110522719988,0.2371876797488306,3.0
0.4089688546864494,0.26777920148979273,3.0
0.6366484212157657,0.21922923571995734,3.0
1.0042819203509303,-0.28618182581899343,3.0
0.8778891061219658,0.20589553708701022,3.0
1.0317683359345702,0.17532389414174526,3.0
1.5929321753546457,-0.4692724835133154,3.0
1.485163772490587,0.03130678125696388,3.0
0.7303647855030615,-0.3990940877216969,3.0
0.94326388276689,0.2764950335773378,3.0
0.9617352638867397,0.4533464790742042,3.0
0.5646472929845323,-0.003626684353816368,3.0
0.6242819666760643,0.10908956478749036,3.0
1.26606621702919,-0.12622853810431597,3.0
0.21873584301185978,0.059684444038948355,3.0
1.1310215655200528,0.1212884264885093,3.0
1.3707346575466461,-0.32131610389471466,3.0
1.2040648316351348,0.3577522537433925,3.0
0.46642372479804495,0.09589554777569316,3.0
0.8487460506976986,-0.024456801930493766,3.0
1.104302945061501,-0.14616856923406568,3.0
0.7972875762515165,0.01024572524640738,3.0
0.6738262183411592,-0.3257475386655556,3.0
1.203811984886951,-0.3446382105475968,3.0
1.1998937502727636,0.13877738785618535,3.0
0.48225798136282105,-0.20326939570069652,3.0
1.3582328209142118,-0.2943496593419045,3.0
0.8606787213071837,0.13861826797556895,3.0
1.2350171527847786,-0.0754616658133487,3.0
0.8207469415925075,0.42671095850955226,3.0
1.5216698991392736,0.29365741523453864,3.0
1.0255954427695073,-0.2424797164922779,3.0
0.7508666780330304,0.15675423157972723,3.0
1.125519466266605,0.4204795778839288,3.0
1.1951350277608417,-0.45092409052794535,3.0
1.3155842853168755,-0.29941818819432386,3.0
0.8848086184142945,0.07506006187550834,3.0
1.5987002469351892,0.9329755668016082,3.0
1.1820169177408548,-0.05495898561611636,3.0
1.160351694544165,0.2662966277621508,3.0
0.9037997123328425,0.5385634067736966,3.0
1.0690212277574207,0.14932292672741826,3.0
1.1997772756163383,0.1264759831843367,3.0
1.2516821501408837,-0.18517595596407696,3.0
0.8325094738161909,-0.3300462698915085,3.0
1.131850369186068,0.2336809510536342,3.0
1.1373318598455657,0.5023477300042611,3.0
0.9983211943512861,0.20062249667775378,3.0
0.6724897371582057,-0.11612991074232029,3.0
1.2086613272697333,0.2547306332229432,3.0
0.9118099157007453,-0.021479775557420047,3.0
0.5446378759957572,-0.1071087602419828,3.0
1.267114949055936,0.1725615048319699,3.0
1.150199716414363,0.014932106154288022,3.0
1.0021189475884529,-0.19809634184203412,3.0
1.2096485260607603,0.12629188331681693,3.0
1.1476056543978397,-0.15781045280027411,3.0
0.3539971240386267,0.32914581352610867,3.0
0.8563487631974788,-0.25883272921293615,3.0
1.2080436735741982,-0.11760379197573888,3.0
1.3179809152139865,0.18510178487300924,3.0
1.2050707969601433,-0.40978671336016026,3.0
1.3635831956159201,0.07837515937015681,3.0
0.889216858226139,0.04301654020267532,3.0
0.467129430130504,0.12259584344420124,3.0
0.6911885475453785,-0.40580108575306034,3.0
0.5432922441346326,0.33380651249697757,3.0
0.8112209818921634,0.46011831297494976,3.0
0.8392595610843107,-0.512207387277884,3.0
0.6650426680154022,0.37074348600208157,3.0
0.9532305466189998,-0.16448618894718028,3.0
1.0480054677558364,0.15053482085026348,3.0
1.3352196447707383,0.43454976896787784,3.0
0.8920694062632742,-0.39781430582461147,3.0
0.8759604516630172,0.07808415197486585,3.0
0.7108723221368167,-0.28714527446851285,3.0
1.1031363644649657,-0.014595705471135343,3.0
1.009839098623476,-0.22754860041002084,3.0
0.9308797857382698,-0.2772699432804913,3.0
1.267059523337436,0.31057480041712576,3.0
0.44614364132857187,-0.278853258057723,3.0
0.5510412234729762,-0.19500718032206946,3.0
0.9749686090628917,-0.434893565909559,3.0
0.7234420560624061,-0.30118721162444956,3.0
1.0621801988196833,0.020803301110875128,3.0
0.7834787339988241,0.053046261641819394,3.0
0.8359959746238204,-0.08149653309781597,3.0
1.502035627089561,0.4021383155371044,3.0
0.6101256289217207,0.24891972536375234,3.0
1.2434189663474777,-0.34447898662578547,3.0
1.2456332931264582,0.46137957552376585,3.0
0.6632365581266759,-0.2752508463042791,3.0
1.3052984400530507,0.08144859324769439,3.0
1.165442882571857,0.10217676492014903,3.0
1.1172087762784433,-0.39794163849332487,3.0
1.3141953119864345,0.35087699772833203,3.0
0.9311827767795917,-0.013043084944158729,3.0
0.5406677492332834,0.15427642680535045,3.0
1.1716172325142433,-0.0186573050997933,3.0
1.3373060079611507,-0.10022316929398216,3.0
1.1693817777680802,-0.3058993016076347,3.0
0.9929343547377285,-0.05230627737085075,3.0
1.0675923766122826,-0.11085807865000757,3.0
0.9605582212984997,0.2478141514324519,3.0
0.8689707288285348,-0.48197313022160376,3.0
1.5248751712616262,0.41443622360714594,3.0
0.6123211914683144,0.2069123415735583,3.0
0.849107568834597,0.07904616459931786,3.0
1.0882672387040482,-0.0703223400948966,3.0
0.7648703003240811,-0.2071623156948778,3.0
0.7251424253556273,-0.2495466624691334,3.0
0.9798465129851934,-0.21472799673322554,3.0
1.204615619713786,0.4461738466007782,3.0
0.8259840275889871,0.07182135016061311,3.0
1.14990553309088,0.14160068127578232,3.0
1.0227865803748262,0.22280472550791672,3.0
1.1446746858041972,-0.37129872669818936,3.0
1.260746819316782,0.2661872511800226,3.0
0.7710141687464256,0.011381350634280607,3.0
1.2049986978433207,-0.06279414587380847,3.0
1.3218934143298036,0.7091617483858083,3.0
0.7642041902095054,-0.41431338094613246,3.0
1.0911455786814628,0.21646875153784303,3.0
0.9307400878465693,0.4359781989963103,3.0
0.5984182600830255,0.20787558690948332,3.0
0.818241753772332,0.515813371862189,3.0
1.5977546059504355,-0.22999697633500435,3.0
0.835132859227426,0.25787636609394055,3.0
0.8838608050631456,-0.013623365379671466,3.0
1.007616526162723,-0.5759019468592969,3.0
0.9958486761717288,-0.20691833221925215,3.0
0.8520631532800684,0.43308960104064426,3.0
0.6230479317162232,0.24396155602439318,3.0
0.9163111209004574,-0.08392805054875031,3.0
1.2371115688155134,0.10201538837066713,3.0
1.1711838991658592,0.2904553981598583,3.0
0.9006074850450032,-0.18367102035232508,3.0
0.6744548420326606,-0.24762315899368653,3.0
1.8847283275926174,0.373403874221036,3.0
0.5946776901375936,-0.39673738702307104,3.0
1.1445598185155474,0.1641794392133901,3.0
1.1646651505952093,-0.07648673806610935,3.0
0.9623637219991299,0.09836385724780722,3.0
1.025767901887999,-0.6657901118242605,3.0
0.9310601108274419,-0.25542193027809407,3.0
1.0525634256725536,0.895577700781023,3.0
1.1102444996422913,-0.09405890585171937,3.0
1.2765404505931757,0.1448063661627638,3.0
1.1260283471355523,0.1820551779647013,3.0
1.6169630694488624,-0.3392665305977747,3.0
1.1420896230434363,-0.2779143389944615,3.0
1.1666537939026744,-0.2756059534458283,3.0
0.8747899559184746,-0.08852697427137189,3.0
1.2927450158034128,0.27553633318272414,3.0
0.6262847870660846,0.016480233299954617,3.0
0.7871260435752482,-0.37755147320260035,3.0
0.9348948848726889,-0.09254483653674592,3.0
1.7280149459036567,0.12988794760820885,3.0
0.5867147497737288,-0.16943220125128267,3.0
1.3064149886288194,0.6265328318609775,3.0
0.5242050063286126,-0.5639773155417135,3.0
1.5612895526115347,0.11688425321127116,3.0
0.7395121804370901,0.16038872583673058,3.0
0.20927567829493665,0.0010126519791482996,3.0
1.0983463518529255,0.27728104186134894,3.0
0.6958312143122387,0.02570614842100771,3.0
0.7223726121821239,0.07661512670229513,3.0
0.7313961032910927,-0.12243025174806618,3.0
0.7012553815629312,0.19534087254709712,3.0
1.2575353349969995,-0.07038617098722413,3.0
1.0114713984880086,-0.43457742439006325,3.0
0.9100970055979639,-0.015061385112523433,3.0
1.7862379273089926,-0.33359010773224906,3.0
1.4392531716257313,0.2990576320397424,3.0
1.0841909213470409,0.52758614525854,3.0
1.1116316417820589,0.11674775870037861,3.0
0.9840638040947364,0.36707066472558825,3.0
1.3289407701432652,-0.18770318624886373,3.0
0.6042258416203699,-0.06089419121869712,3.0
0.7599884306807061,-0.01905737238460653,3.0
1.3712314404052417,-0.137190496526037,3.0
0.9871529856065275,0.017406820442518567,3.0
1.2545292646615853,-0.6740668001953816,3.0
0.817989911570411,0.06338510768384181,3.0
1.3600236869280584,-0.14757073425186154,3.0
0.4370341881874378,0.18591343378984088,3.0
0.8093912833523111,-0.3568999977271084,3.0
0.8126963830860328,-0.05535760729675486,3.0
0.8185766006385362,-0.6616698171297207,3.0
1.2691198590661397,0.38246251238361667,3.0
1.1954565974018516,-0.34130570112744496,3.0
0.9395525398157446,-0.0019563945688374183,3.0
1.1796383168685731,0.20050214661542423,3.0
0.7797478603664513,0.024598666924068126,3.0
1.1371841213845724,0.43674669664402993,3.0
1.211351961947417,0.23671700621265568,3.0
1.0251479883788084,0.4231377435610511,3.0
1.1229288387878493,-0.2583263730520711,3.0
1.4210109910375572,0.2093709817617083,3.0
0.8670867936614554,-0.143847890219773,3.0
1.0889726635422285,0.1389554385802754,3.0
1.059187679689362,0.09339260203286547,3.0
1.5099872123729141,0.3214629456704657,3.0
1.0571906773795072,0.28239317423024496,3.0
0.6902428289417382,0.11937811498404267,3.0
1.542791904919933,-0.06541376861771216,3.0
0.7457098214142746,-0.1956266665779182,3.0
0.6731100887972835,-0.235428572438311,3.0
0.8888475704229913,-0.4216701057535926,3.0
1.004685500184881,0.27068315213599414,3.0
0.7276731459559239,0.45578517709253064,3.0
1.1532376265582784,0.30917417568721717,3.0
0.802649633844359,0.2563575681199847,3.0
0.6724198298814061,0.2670742502509526,3.0
1.0515518019380594,0.16597536599543508,3.0
0.6473216183125445,-0.2685209526829814,3.0
1.1791684654760155,-0.28450440126726023,3.0
1.138961887629737,-0.4101413419380737,3.0
1.2544522638000004,-0.3697569944305527,3.0
1.165689981303857,0.18768928009380026,3.0
0.7909684544711275,0.17460797012541807,3.0
1.0781326790000667,-0.16165255685782148,3.0
0.6974335947771375,-0.5887877075017737,3.0
1.104895014189908,-0.46944083140861653,3.0
1.0286032598323924,-0.07903446482467473,3.0
1.2037428326314585,-0.09061364984695926,3.0
0.9011656640958726,0.21956121128648867,3.0
1.1005174087252352,0.09484678715483348,3.0
1.140780276942558,-0.4606716369621317,3.0
1.2270366039960945,0.18374063820408068,3.0
0.6949950614270508,-0.07322414210226039,3.0
0.9882078137117106,-0.04034903532051981,3.0
1.1001579899705605,0.42941003454935506,3.0
1.3245300183018487,-0.3936657580294219,3.0
1.1866209970918147,0.39867999586062286,3.0
1.1160425562067608,0.32729412755579007,3.0
1.6036811337102295,0.3071128638320944,3.0
1.0747925786925188,0.31352654222542603,3.0
1.0434663499290673,0.007170912985486641,3.0
0.8945757292858803,0.4690240076496324,3.0
0.7544714002173996,0.45971031740343477,3.0
1.1499592371221115,-0.4197918524405824,3.0
1.1102947878974265,-0.6300079522954872,3.0
1.1876524050493107,0.2655694448966973,3.0
0.8222932133043839,0.0370643087866747,3.0
